Question,t_stat,p_value
Q1,0.88,0.38
Q2,1.63,0.11
Q3,1.78,0.08
Q4,1.01,0.32
Q5,0.1,0.92
Q6,-1.95,0.05
Q7,-0.09,0.93
Overall,0.6679474875720719,0.5054714950924548
